"ID";"TPUName";"global_id";"AdmArea";"District";"NearStation";"YearOfComissioning";"Status";"AvailableTransfer";"CarCapacity";"geoData";
"96";"Транспортно-пересадочный узел «Сортировочная» (п)";"1769845";"Юго-Восточный административный округ";"район Лефортово";"платформа «Сортировочная»";"2014";"проект";"пригородная железная дорога";"";"{type=Point, coordinates=[37.720353256895, 55.764079610509]}";
"97";"Транспортно-пересадочный узел «Фрезер» (п)";"1769846";"Юго-Восточный административный округ";"Нижегородский район";"платформа «Фрезер»";"2014";"построен";"пригородная железная дорога";"45";"{type=Point, coordinates=[37.738276478479, 55.745110991584]}";
"98";"Транспортно-пересадочный узел «Чухлинка» (п)";"1769847";"Юго-Восточный административный округ";"Рязанский район";"платформа «Чухлинка»";"2014";"построен";"пригородная железная дорога";"";"{type=Point, coordinates=[37.764118656515, 55.733620469968]}";
"99";"Транспортно-пересадочный узел «Братиславская» (п)";"1769848";"Юго-Восточный административный округ";"район Марьино";"станция метро «Братиславская»";"2015";"построен";"метро; перехватывающая парковка";"320";"{type=Point, coordinates=[37.750696290051, 55.659640933555]}";
"100";"Транспортно-пересадочный узел «Волжская» (п)";"1769849";"Юго-Восточный административный округ";"район Люблино";"станция метро «Волжская»";"2014";"построен";"метро; перехватывающая парковка";"240";"{type=Point, coordinates=[37.755893879403, 55.690307373337]}";
"101";"Транспортно-пересадочный узел «Депо» (п)";"1769850";"Юго-Восточный административный округ";"район Печатники";"платформа «Депо»";"2014";"построен";"пригородная железная дорога";"45";"{type=Point, coordinates=[37.727992718718, 55.674043644599]}";
"102";"Транспортно-пересадочный узел «Дубровка» (п)";"1769851";"Юго-Восточный административный округ";"Южнопортовый район";"станция метро «Дубровка»";"2014";"проект";"метро";"";"{type=Point, coordinates=[37.676981310387, 55.717923102594]}";
"103";"Транспортно-пересадочный узел «Калитники» (п)";"1769852";"Юго-Восточный административный округ";"Нижегородский район";"платформа «Калитники»";"2014";"построен";"пригородная железная дорога";"";"{type=Point, coordinates=[37.702003415502, 55.734379763946]}";
"104";"Транспортно-пересадочный узел «Карачарово» (п)";"1769853";"Юго-Восточный административный округ";"Нижегородский район";"платформа «Карачарово»";"2014";"построен";"пригородная железная дорога";"";"{type=Point, coordinates=[37.739594461511, 55.732351042538]}";
"105";"Транспортно-пересадочный узел «Кожуховская» (п)";"1769854";"Юго-Восточный административный округ";"Южнопортовый район";"станция метро «Кожуховская»";"2014";"построен";"метро; перехватывающая парковка";"120";"{type=Point, coordinates=[37.68545068887, 55.706533523954]}";
"106";"Транспортно-пересадочный узел «Люблино» (п) (3)";"1769855";"Юго-Восточный административный округ";"район Печатники";"платформа «Люблино»";"2014";"построен";"пригородная железная дорога";"85";"{type=Point, coordinates=[37.733810000089, 55.685116000029]}";
"107";"Транспортно-пересадочный узел «Марьино» (к)";"1769856";"Юго-Восточный административный округ";"район Марьино";"станция метро «Марьино»";"2018";"проект";"Метро; перехватывающая парковка";"230";"{type=Point, coordinates=[37.744333999899, 55.650510000027]}";
"108";"Транспортно-пересадочный узел «Москва-Товарная-Павелецкая» (п)";"1769857";"Южный административный округ";"Даниловский район";"платформа «Москва-Товарная-Павелецкая»";"2014";"построен";"пригородная железная дорога";"";"{type=Point, coordinates=[37.643409867746, 55.717730529193]}";
"109";"Транспортно-пересадочный узел «Перерва» (п)";"1769858";"Юго-Восточный административный округ";"район Печатники";"платформа «Перерва»";"2014";"построен";"пригородная железная дорога";"113";"{type=Point, coordinates=[37.71757268363, 55.661816639065]}";
"110";"Транспортно-пересадочный узел «Печатники» (п)";"1769859";"Юго-Восточный административный округ";"район Печатники";"станция метро «Печатники»";"2015";"построен";"метро; перехватывающая парковка";"160";"{type=Point, coordinates=[37.727549594161, 55.693036631003]}";
"111";"Транспортно-пересадочный узел «Плющево» (п)";"1769860";"Юго-Восточный административный округ";"Рязанский район";"платформа «Плющево»";"2014";"проект";"пригородная железная дорога";"";"{type=Point, coordinates=[37.774168714165, 55.730588509651]}";
"112";"Транспортно-пересадочный узел «Профсоюзная» (п)";"1769861";"Юго-Западный административный округ";"Академический район";"станция метро «Профсоюзная»";"2015";"построен";"метро; перехватывающая парковка";"500";"{type=Point, coordinates=[37.563619002403, 55.678179794906]}";
"113";"Транспортно-пересадочный узел «Севастопольская»";"1769862";"Юго-Западный административный округ";"район Зюзино";"станция метро «Севастопольская»";"2014";"построен";"метро";"110";"{type=Point, coordinates=[37.598369121833, 55.651563145129]}";
"114";"Транспортно-пересадочный узел «Улица Скобелевская» (п)";"1769863";"Юго-Западный административный округ";"район Южное Бутово";"станция метро «Улица Скобелевская»";"2014";"построен";"метро";"80";"{type=Point, coordinates=[37.554059028741, 55.547978694352]}";
"115";"Транспортно-пересадочный узел «Улица Горчакова» (п)";"1769864";"Юго-Западный административный округ";"район Южное Бутово";"станция метро «Улица Горчакова»";"2014";"построен";"метро";"52";"{type=Point, coordinates=[37.531930344155, 55.542003977384]}";
"116";"Транспортно-пересадочный узел «Академическая» (п)";"1769865";"Юго-Западный административный округ";"Академический район";"станция метро «Академическая»";"2015";"построен";"метро; перехватывающая парковка";"260";"{type=Point, coordinates=[37.573083937002, 55.687492147998]}";
"117";"Транспортно-пересадочный узел «Беляево» (п)";"1769866";"Юго-Западный административный округ";"район Коньково";"станция метро «Беляево»";"2015";"построен";"метро; перехватывающая парковка";"275";"{type=Point, coordinates=[37.525107264077, 55.642288131956]}";
"118";"Транспортно-пересадочный узел «Бульвар адмирала Ушакова» (п)";"1769867";"Юго-Западный административный округ";"район Южное Бутово";"станция метро «Бульвар адмирала Ушакова»";"2014";"построен";"метро";"95";"{type=Point, coordinates=[37.545148649319, 55.545123200127]}";
"119";"Транспортно-пересадочный узел «Бунинская аллея» (п)";"1769868";"Юго-Западный административный округ";"район Южное Бутово";"станция метро «Бунинская аллея»";"2014";"проект";"метро";"";"{type=Point, coordinates=[37.514704642831, 55.537715657006]}";
"120";"Транспортно-пересадочный узел «Бутово» (п)";"1769869";"Юго-Западный административный округ";"район Южное Бутово";"платформа «Бутово»";"2014";"построен";"пригородная железная дорога";"50";"{type=Point, coordinates=[37.570690404674, 55.541704420575]}";
"121";"Транспортно-пересадочный узел «Калужская» (п)";"1769870";"Юго-Западный административный округ";"Обручевский район";"станция метро «Калужская»";"2015";"построен";"метро; перехватывающая парковка";"121";"{type=Point, coordinates=[37.541136860397, 55.65801065706]}";
"67";"Транспортно-пересадочный узел «Достоевская» (п)";"1769871";"Центральный административный округ";"Тверской район";"станция метро «Достоевская»";"2014";"построен";"метро";"";"{type=Point, coordinates=[37.612037337427, 55.781305766613]}";
"68";"Транспортно-пересадочный узел «Китай-город» (п)";"1769872";"Центральный административный округ";"Тверской район";"станция метро «Китай-город»";"2014";"построен";"метро";"10";"{type=Point, coordinates=[37.630689409811, 55.757086974263]}";
"69";"Транспортно-пересадочный узел «Краснопресненская» (п)";"1769873";"Центральный административный округ";"Пресненский район";"станция метро «Краснопресненская»";"2014";"построен";"метро";"83";"{type=Point, coordinates=[37.577201911283, 55.760700959747]}";
"70";"Транспортно-пересадочный узел «Красносельская» (п)";"1769874";"Центральный административный округ";"Красносельский район";"станция метро «Красносельская»";"2014";"построен";"метро";"";"{type=Point, coordinates=[37.665968007225, 55.779903750855]}";
"71";"Транспортно-пересадочный узел «Красные ворота» (п)";"1769875";"Центральный административный округ";"Басманный район";"станция метро «Красные ворота»";"2014";"построен";"метро";"52";"{type=Point, coordinates=[37.64811892989, 55.768437178473]}";
"72";"Транспортно-пересадочный узел «Лубянка» (п)";"1769876";"Центральный административный округ";"Тверской район";"станция метро «Лубянка»";"2014";"построен";"метро";"";"{type=Point, coordinates=[37.627551999664, 55.759163000131]}";
"73";"Транспортно-пересадочный узел «Лужники» (п)";"1769877";"Центральный административный округ";"район Хамовники";"станция метро «Спортивная»";"2014";"построен";"метро; московская кольцевая железная дорога";"";"{type=Point, coordinates=[37.561913000169, 55.722176000094]}";
"74";"Транспортно-пересадочный узел «Маяковская» (п)";"1769878";"Центральный административный округ";"Тверской район";"станция метро «Маяковская»";"2014";"построен";"метро";"";"{type=Point, coordinates=[37.596465999581, 55.769332999827]}";
"75";"Транспортно-пересадочный узел «Новокузнецкая» (п)";"1769879";"Центральный административный округ";"район Замоскворечье";"станция метро «Новокузнецкая»";"2014";"построен";"метро";"";"{type=Point, coordinates=[37.628731533446, 55.742259637125]}";
"76";"Транспортно-пересадочный узел «Новослободская» (п)";"1769880";"Центральный административный округ";"Тверской район";"станция метро «Новослободская»";"2014";"построен";"метро";"39";"{type=Point, coordinates=[37.600518160589, 55.780175380754]}";
"77";"Транспортно-пересадочный узел «Октябрьская» (п)";"1769881";"Центральный административный округ";"район Якиманка";"станция метро «Октябрьская»";"2014";"построен";"метро";"";"{type=Point, coordinates=[37.611616506361, 55.729406953381]}";
"78";"Транспортно-пересадочный узел «Охотный ряд» (п)";"1769882";"Центральный административный округ";"Тверской район";"станция метро «Охотный ряд»";"2014";"построен";"метро";"";"{type=Point, coordinates=[37.616356075292, 55.757917598646]}";
"79";"Транспортно-пересадочный узел «Парк Культуры» (п)";"1769883";"Центральный административный округ";"район Хамовники";"станция метро «Парк культуры»";"2014";"построен";"метро";"44";"{type=Point, coordinates=[37.593575864191, 55.7352559297]}";
"80";"Транспортно-пересадочный узел «Полянка» (п)";"1769884";"Центральный административный округ";"район Якиманка";"станция метро «Полянка»";"2014";"построен";"метро";"";"{type=Point, coordinates=[37.6183880456, 55.736807785719]}";
"81";"Транспортно-пересадочный узел «Тульская» (п)";"1769885";"Южный административный округ";"Даниловский район";"станция метро «Тульская»";"2014";"построен";"метро";"257";"{type=Point, coordinates=[37.622469840233, 55.708593464755]}";
"82";"Транспортно-пересадочный узел «Улица Академика Янгеля» (п)";"1769886";"Южный административный округ";"район Чертаново Южное";"станция метро «Улица Академика Янгеля»";"2015";"построен";"метро; перехватывающая парковка; автовокзал";"410";"{type=Point, coordinates=[37.600927276726, 55.596369564297]}";
"83";"Транспортно-пересадочный узел «Чертаново» (п)";"1769887";"Южный административный округ";"район Царицыно";"платформа «Чертаново»";"2014";"построен";"пригородная железная дорога";"117";"{type=Point, coordinates=[37.627487552729, 55.630853198989]}";
"84";"Транспортно-пересадочный узел «Чертановская» (п)";"1769888";"Южный административный округ";"район Чертаново Северное";"станция метро «Чертановская»";"2014";"построен";"метро";"294";"{type=Point, coordinates=[37.605099175974, 55.64068826316]}";
"85";"Транспортно-пересадочный узел «Шаболовская» (п)";"1769889";"Южный административный округ";"Донской район";"станция метро «Шаболовская»";"2014";"проект";"метро";"";"{type=Point, coordinates=[37.608272657073, 55.718785377144]}";
"86";"Транспортно-пересадочный узел «Шипиловская» (п)";"1769890";"Южный административный округ";"район Зябликово";"станция метро «Шипиловская»";"2014";"построен";"метро; перехватывающая парковка";"230";"{type=Point, coordinates=[37.743941849345, 55.620087867281]}";
"87";"Транспортно-пересадочный узел «Южная» (п)";"1769891";"Южный административный округ";"район Чертаново Северное";"станция метро «Южная»";"2014";"проект";"метро; перехватывающая парковка";"200";"{type=Point, coordinates=[37.609249955831, 55.62211856613]}";
"88";"Транспортно-пересадочный узел «Автозаводская» (п)";"1769892";"Южный административный округ";"Даниловский район";"станция метро «Автозаводская»";"2014";"построен";"метро; московская кольцевая железная дорога";"";"{type=Point, coordinates=[37.657222151552, 55.706949489906]}";
"89";"Транспортно-пересадочный узел «Борисово» (п)";"1769893";"Южный административный округ";"район Братеево";"станция метро «Борисово»";"2014";"построен";"метро; перехватывающая парковка";"500";"{type=Point, coordinates=[37.744182259176, 55.633381539122]}";
"90";"Транспортно-пересадочный узел «Кантемировская» (п)";"1769894";"Южный административный округ";"район Царицыно";"станция метро «Кантемировская»";"2015";"построен";"метро; перехватывающая парковка";"220";"{type=Point, coordinates=[37.656056711439, 55.636943528985]}";
"91";"Транспортно-пересадочный узел «Каширская» (п)";"1769895";"Южный административный округ";"район Нагатино-Садовники";"станция метро «Каширская»";"2015";"построен";"метро; перехватывающая парковка";"500";"{type=Point, coordinates=[37.649587025, 55.655381167162]}";
"92";"Транспортно-пересадочный узел «Коломенская» (п)";"1769896";"Южный административный округ";"район Нагатинский Затон";"станция метро «Коломенская»";"2014";"построен";"метро";"";"{type=Point, coordinates=[37.664515647006, 55.677855043785]}";
"93";"Транспортно-пересадочный узел «Красный строитель» (п)";"1769897";"Южный административный округ";"район Чертаново Южное";"платформа «Красный строитель»";"2014";"построен";"пригородная железная дорога";"60";"{type=Point, coordinates=[37.614360999691, 55.589302000081]}";
"94";"Транспортно-пересадочный узел «Нагорная» (п)";"1769898";"Южный административный округ";"Нагорный район";"станция метро «Нагорная»";"2014";"построен";"метро; перехватывающая парковка";"240";"{type=Point, coordinates=[37.610816710212, 55.672819068331]}";
"95";"Транспортно-пересадочный узел «Пражская» (п)";"1769899";"Южный административный округ";"район Чертаново Центральное";"станция метро «Пражская»";"2014";"построен";"метро";"";"{type=Point, coordinates=[37.603265307543, 55.61177268291]}";
"126";"Транспортно-пересадочный узел «Савёловская»";"1769900";"Северо-Восточный административный округ";"Бутырский район";"станция метро «Савёловская»";"2018";"проект";"Метро, станция железной дороги";"35";"{type=Point, coordinates=[37.588090896593, 55.794116312695]}";
"127";"Транспортно-пересадочный узел «Долгопрудная» (п)";"1769901";"Северо-Восточный административный округ";"район Северный";"платформа «Долгопрудная»";"2014";"построен";"пригородная железная дорога";"";"{type=Point, coordinates=[37.52054915124, 55.938808267157]}";
"128";"Транспортно-пересадочный узел «Планерная» (2)";"1769902";"Северный административный округ";"Молжаниновский район";"платформа «Планерная»";"2014";"проект";"пригородная железная дорога";"";"{type=Point, coordinates=[37.38127499997, 55.924802000065]}";
"131";"Транспортно-пересадочный узел «Москва-Товарная-Курская» (п)";"1769905";"Центральный административный округ";"Таганский район";"платформа «Москва Товарная - Курская»";"2014";"построен";"пригородная железная дорога";"110";"{type=Point, coordinates=[37.687934999551, 55.745884000226]}";
"132";"Транспортно-пересадочный узел «Бибирево» (п)";"1769906";"Северо-Восточный административный округ";"район Бибирево";"станция метро «Бибирево»";"2013";"построен";"метро; перехватывающая парковка";"450";"{type=Point, coordinates=[37.603317797003, 55.883976985704]}";
"133";"Транспортно-пересадочный узел «Ясенево» (п)";"1769907";"Юго-Западный административный округ";"район Ясенево";"станция метро «Ясенево»";"2013";"построен";"метро; перехватывающая парковка";"200";"{type=Point, coordinates=[37.533657251085, 55.606311666568]}";
"134";"Транспортно-пересадочный узел «Лианозово» (п)";"1769908";"Северо-Восточный административный округ";"район Лианозово";"платформа «Лианозово»";"2013";"построен";"пригородная железная дорога";"";"{type=Point, coordinates=[37.552707195393, 55.897850833216]}";
"135";"Транспортно-пересадочный узел «Домодедовская» (п)";"1769909";"Южный административный округ";"район Орехово-Борисово Южное";"станция метро «Домодедовская»";"2013";"построен";"метро; перехватывающая парковка";"180";"{type=Point, coordinates=[37.718187226506, 55.610928320595]}";
"136";"Транспортно-пересадочный узел «Царицыно» (п)";"1769910";"Южный административный округ";"район Царицыно";"станция метро «Царицыно»";"2013";"построен";"метро; пригородная железная дорога; перехватывающая парковка";"470";"{type=Point, coordinates=[37.670055291462, 55.62049785791]}";
"137";"Транспортно-пересадочный узел «Бульвар Дмитрия Донского» (п)";"1769911";"Юго-Западный административный округ";"район Северное Бутово";"станция метро «Бульвар Дмитрия Донского»";"2013";"построен";"метро";"";"{type=Point, coordinates=[37.575803724865, 55.569512681131]}";
"122";"Транспортно-пересадочный узел «Коньково» (п)";"1769912";"Юго-Западный административный округ";"район Тёплый Стан";"станция метро «Коньково»";"2014";"построен";"метро; перехватывающая парковка";"";"{type=Point, coordinates=[37.519366999767, 55.632984000001]}";
"123";"Транспортно-пересадочный узел «Нахимовский проспект» (п)";"1769913";"Юго-Западный административный округ";"район Зюзино";"станция метро «Нахимовский проспект»";"2014";"построен";"метро";"";"{type=Point, coordinates=[37.606791999923, 55.663649000235]}";
"124";"Транспортно-пересадочный узел «Площадь Гагарина» (п)";"1769914";"Юго-Западный административный округ";"Гагаринский район";"станция метро «Ленинский проспект»";"2014";"построен";"метро; московская кольцевая железная дорога";"";"{type=Point, coordinates=[37.584746535265, 55.707143489087]}";
"138";"Транспортно-пересадочный узел «Рязанская» (к)";"1769916";"Юго-Восточный административный округ";"Нижегородский район";"станция метро «Нижегородская улица»";"2020";"проект";"Метро; станция московской кольцевой железной дороги; перехватывающая парковка; станция железной дороги";"500";"{type=Point, coordinates=[37.728285999793, 55.732324000171]}";
"139";"Транспортно-пересадочный узел «Площадь Гагарина» (к)";"1769917";"Юго-Западный административный округ";"Гагаринский район";"станция метро «Ленинский проспект»";"2020";"строится";"Наземный городской пассажирский транспорт, метро";"638";"{type=Point, coordinates=[37.585725999861, 55.70721899979]}";
"144";"Транспортно-пересадочный узел «Кутузово» (к)";"1769922";"Западный административный округ";"район Дорогомилово";"станция метро «Кутузовская»";"2020";"строится";"Наземный городской пассажирский транспорт, метро";"";"{type=Point, coordinates=[37.534126000085, 55.739969000133]}";
"145";"Транспортно-пересадочный узел «Лужники» (к)";"1769923";"Центральный административный округ";"район Хамовники";"станция метро «Спортивная»";"2020";"строится";"Наземный городской пассажирский транспорт, метро";"";"{type=Point, coordinates=[37.559945999615, 55.721112000002]}";
"36";"Транспортно-пересадочный узел «Марьина Роща» (к)";"1769925";"Северо-Восточный административный округ";"район Марьина Роща";"станция метро «Марьина Роща»";"2019";"проект";"Метро; перехватывающая парковка";"190";"{type=Point, coordinates=[37.616006999854, 55.798405999787]}";
"37";"Транспортно-пересадочный узел «Москва 3» (п)";"1769926";"Северо-Восточный административный округ";"Алексеевский район";"платформа «Москва-3»";"2014";"построен";"пригородная железная дорога";"";"{type=Point, coordinates=[37.650169000353, 55.803031999872]}";
"38";"Транспортно-пересадочный узел «Москва-Станколит» (п)";"1769927";"Северо-Восточный административный округ";"район Марьина Роща";"платформа «Москва-Станколит»";"2014";"построен";"пригородная железная дорога";"";"{type=Point, coordinates=[37.59812622816, 55.799336842511]}";
"39";"Транспортно-пересадочный узел «Останкино» (п)";"1769928";"Северо-Восточный административный округ";"район Марфино";"платформа «Останкино»";"2014";"построен";"пригородная железная дорога";"";"{type=Point, coordinates=[37.603257298163, 55.817836094306]}";
"40";"Транспортно-пересадочный узел «Строгино» (п)";"1769929";"Северо-Западный административный округ";"район Строгино";"станция метро «Строгино»";"2014";"построен";"метро; перехватывающая парковка";"700";"{type=Point, coordinates=[37.400315160726, 55.80394431259]}";
"41";"Транспортно-пересадочный узел «Трикотажная» (п)";"1769930";"Северо-Западный административный округ";"район Южное Тушино";"платформа «Трикотажная»";"2014";"построен";"пригородная железная дорога";"20";"{type=Point, coordinates=[37.40006628607, 55.833277787916]}";
"42";"Транспортно-пересадочный узел «Волоколамская» (к) (2)";"1769931";"Северо-Западный административный округ";"район Митино";"станция метро «Волоколамская»";"2018";"проект";"Метро, перехватывающая парковка";"";"{type=Point, coordinates=[37.382034000028, 55.835507999971]}";
"43";"Транспортно-пересадочный узел «Митино» (п)";"1769932";"Северо-Западный административный округ";"район Митино";"станция метро «Митино»";"2014";"построен";"метро";"";"{type=Point, coordinates=[37.359942999769, 55.846657000107]}";
"44";"Транспортно-пересадочный узел «Октябрьское поле» (п)";"1769933";"Северо-Западный административный округ";"район Щукино";"станция метро «Октябрьское поле»";"2014";"построен";"метро; перехватывающая парковка";"400";"{type=Point, coordinates=[37.494335962703, 55.792884532481]}";
"45";"Транспортно-пересадочный узел «Планерная» (п)";"1769934";"Северо-Западный административный округ";"район Северное Тушино";"станция метро «Планерная»";"2014";"построен";"метро; перехватывающая парковка";"30";"{type=Point, coordinates=[37.435040402213, 55.863947802316]}";
"46";"Транспортно-пересадочный узел «Покровское-Стрешнево» (п)";"1769935";"Северо-Западный административный округ";"район Покровское-Стрешнево";"платформа «Покровское-Стрешнево»";"2014";"проект";"пригородная железная дорога";"";"{type=Point, coordinates=[37.476555315433, 55.814201538489]}";
"6";"Транспортно-пересадочный узел «Вешняки» (п)";"1769937";"Юго-Восточный административный округ";"Рязанский район";"платформа «Вешняки»";"2014";"построен";"пригородная железная дорога";"";"{type=Point, coordinates=[37.797601208164, 55.72252412809]}";
"16";"Транспортно-пересадочный узел «Багратионовская» (п)";"1769938";"Западный административный округ";"район Филёвский Парк";"станция метро «Багратионовская»";"2014";"построен";"метро";"430";"{type=Point, coordinates=[37.498054504685, 55.743911691524]}";
"17";"Транспортно-пересадочный узел «Крылатское» (п)";"1769939";"Западный административный округ";"район Крылатское";"станция метро «Крылатское»";"2014";"построен";"метро; перехватывающая парковка";"350";"{type=Point, coordinates=[37.408081000238, 55.756835999936]}";
"19";"Транспортно-пересадочный узел «Переделкино» (п)";"1769941";"Западный административный округ";"район Ново-Переделкино";"платформа «Переделкино»";"2014";"построен";"пригородная железная дорога; перехватывающая парковка";"55";"{type=Point, coordinates=[37.35309511451, 55.65593920469]}";
"20";"Транспортно-пересадочный узел «Алабушево» (п)";"1769942";"Зеленоградский административный округ";"район Силино";"платформа «Алабушево»";"2014";"проект";"пригородная железная дорога";"";"{type=Point, coordinates=[37.1399527786, 56.008723123693]}";
"47";"Транспортно-пересадочный узел «Пролетарская» (п)";"1769943";"Центральный административный округ";"Таганский район";"станция метро «Пролетарская»";"2014";"построен";"метро";"41";"{type=Point, coordinates=[37.667178511325, 55.732565434973]}";
"48";"Транспортно-пересадочный узел «Проспект Мира» (п)";"1769944";"Центральный административный округ";"Мещанский район";"станция метро «Проспект Мира»";"2014";"построен";"метро";"30";"{type=Point, coordinates=[37.633023261665, 55.780685060218]}";
"49";"Транспортно-пересадочный узел «Рижская» (п) (1)";"1769945";"Центральный административный округ";"Мещанский район";"платформа «Рижская»";"2014";"построен";"Станция железной дороги";"";"{type=Point, coordinates=[37.63688564279, 55.795407013829]}";
"50";"Транспортно-пересадочный узел «Рижская» (к)";"1769946";"Центральный административный округ";"Мещанский район";"станция метро «Рижская»";"2019";"проект";"Метро; станция железной дороги";"107";"{type=Point, coordinates=[37.636746167664, 55.792662715799]}";
"51";"Транспортно-пересадочный узел «Рижская» (п) (2)";"1769947";"Центральный административный округ";"Мещанский район";"станция метро «Рижская»";"2018";"проект";"Метро; станция железной дороги";"";"{type=Point, coordinates=[37.634989000086, 55.792487000145]}";
"52";"Транспортно-пересадочный узел «Смоленская» (п)";"1769948";"Центральный административный округ";"район Арбат";"станция метро «Смоленская» Филёвской линии";"2014";"построен";"метро";"";"{type=Point, coordinates=[37.583053393313, 55.747980132591]}";
"53";"Транспортно-пересадочный узел «Сухаревская» (п)";"1769949";"Центральный административный округ";"Красносельский район";"станция метро «Сухаревская»";"2014";"построен";"метро";"47";"{type=Point, coordinates=[37.632742860634, 55.772199856165]}";
"54";"Транспортно-пересадочный узел «Тверская» (п)";"1769950";"Центральный административный округ";"Тверской район";"станция метро «Тверская»";"2014";"построен";"метро";"";"{type=Point, coordinates=[37.604260518706, 55.765584788691]}";
"55";"Транспортно-пересадочный узел «Тестовская» (п)";"1769951";"Центральный административный округ";"Пресненский район";"платформа «Тестовская»";"2014";"построен";"пригородная железная дорога";"";"{type=Point, coordinates=[37.53139705749, 55.7542799759]}";
"57";"Транспортно-пересадочный узел «Фрунзенская» (п)";"1769953";"Центральный административный округ";"район Хамовники";"станция метро «Фрунзенская»";"2014";"построен";"метро";"53";"{type=Point, coordinates=[37.580958151964, 55.727267394371]}";
"58";"Транспортно-пересадочный узел «Цветной бульвар» (п)";"1769954";"Центральный административный округ";"Тверской район";"станция метро «Цветной бульвар»";"2014";"построен";"метро";"8";"{type=Point, coordinates=[37.620878219585, 55.771742399609]}";
"59";"Транспортно-пересадочный узел «Чистые пруды» (п)";"1769955";"Центральный административный округ";"Басманный район";"станция метро «Чистые пруды»";"2014";"построен";"метро";"75";"{type=Point, coordinates=[37.638564706345, 55.764804692231]}";
"60";"Транспортно-пересадочный узел «Арбатская» (п)";"1769956";"Центральный административный округ";"район Арбат";"станция метро «Арбатская» Филёвской линии";"2014";"построен";"метро";"";"{type=Point, coordinates=[37.601534128226, 55.752186006541]}";
"61";"Транспортно-пересадочный узел «Бауманская» (п)";"1769957";"Центральный административный округ";"Басманный район";"станция метро «Бауманская»";"2014";"построен";"метро";"40";"{type=Point, coordinates=[37.678653001469, 55.772493734401]}";
"62";"Транспортно-пересадочный узел «Беговая» (п)";"1769958";"Северный административный округ";"Хорошёвский район";"станция метро «Беговая»";"2014";"построен";"метро; пригородная железная дорога";"";"{type=Point, coordinates=[37.549059391247, 55.773311435661]}";
"63";"Транспортно-пересадочный узел «Библиотека имени Ленина» (п)";"1769959";"Центральный административный округ";"район Арбат";"станция метро «Библиотека имени Ленина»";"2014";"построен";"метро";"";"{type=Point, coordinates=[37.610288858355, 55.752190534733]}";
"64";"Транспортно-пересадочный узел «Волхонка» (п)";"1769960";"Центральный административный округ";"район Хамовники";"станция метро «Кропоткинская»";"2014";"построен";"метро";"";"{type=Point, coordinates=[37.602042584558, 55.744920485322]}";
"65";"Транспортно-пересадочный узел «Выставочная» (п)";"1769961";"Центральный административный округ";"Пресненский район";"станция метро «Выставочная»";"2014";"построен";"метро";"";"{type=Point, coordinates=[37.543955912998, 55.749042415663]}";
"66";"Транспортно-пересадочный узел «Добрынинская» (п)";"1769962";"Центральный административный округ";"район Замоскворечье";"станция метро «Добрынинская»";"2014";"построен";"метро";"26";"{type=Point, coordinates=[37.622941617454, 55.72896201377]}";
"238";"Транспортно-пересадочный узел «Хорошевская» (к)";"1769963";"Северный административный округ";"Хорошёвский район";"станция метро «Полежаевская»";"2019";"проект";"метро";"";"{type=Point, coordinates=[37.511300999881, 55.776771999949]}";
"239";"Транспортно-пересадочный узел «Коньково» (к)";"1769964";"Юго-Западный административный округ";"район Тёплый Стан";"станция метро «Коньково»";"2018";"проект";"Метро; перехватывающая парковка";"300";"{type=Point, coordinates=[37.519601999944, 55.63303800016]}";
"7";"Транспортно-пересадочный узел «Измайловская» (п)";"1769965";"Восточный административный округ";"район Измайлово";"станция метро «Измайловская»";"2014";"построен";"метро; перехватывающая парковка";"480";"{type=Point, coordinates=[37.779716417407, 55.787867574554]}";
"8";"Транспортно-пересадочный узел «Измайловский парк» (п)";"1769966";"Восточный административный округ";"район Измайлово";"станция метро «Партизанская»";"2014";"построен";"метро; московская кольцевая железная дорога; автовокзал";"45";"{type=Point, coordinates=[37.74892085613, 55.788453548514]}";
"9";"Транспортно-пересадочный узел «Открытое шоссе» (п)";"1769967";"Восточный административный округ";"район Богородское";"станция метро «Бульвар Рокоссовского»";"2014";"построен";"метро; московская кольцевая железная дорога";"400";"{type=Point, coordinates=[37.735451583235, 55.814216113976]}";
"10";"Транспортно-пересадочный узел «Первомайская» (п)";"1769968";"Восточный административный округ";"район Измайлово";"станция метро «Первомайская»";"2014";"построен";"метро";"";"{type=Point, coordinates=[37.799487149237, 55.795839490928]}";
"11";"Транспортно-пересадочный узел «Перово» (п) (1)";"1769969";"Восточный административный округ";"район Перово";"платформа «Перово»";"2014";"построен";"пригородная железная дорога";"179";"{type=Point, coordinates=[37.765697999887, 55.737659000093]}";
"13";"Транспортно-пересадочный узел «Солнечная» (п)";"1769971";"Западный административный округ";"район Солнцево";"платформа «Солнечная»";"2014";"построен";"пригородная железная дорога";"30";"{type=Point, coordinates=[37.383513005177, 55.656348699165]}";
"1";"Транспортно-пересадочный узел «Преображенская площадь» (п)";"1769972";"Восточный административный округ";"район Преображенское";"станция метро «Преображенская площадь»";"2015";"проект";"метро; перехватывающая парковка";"330";"{type=Point, coordinates=[37.717019319619, 55.796643392828]}";
"2";"Транспортно-пересадочный узел «Сокольники» (п)";"1769973";"Восточный административный округ";"район Сокольники";"станция метро «Сокольники»";"2014";"построен";"метро; перехватывающая парковка";"";"{type=Point, coordinates=[37.679708020668, 55.789193921398]}";
"3";"Транспортно-пересадочный узел «Ухтомская» (п)";"1769974";"Восточный административный округ";"район Косино-Ухтомский";"платформа «Ухтомская»";"2014";"построен";"пригородная железная дорога";"132";"{type=Point, coordinates=[37.864981528057, 55.698623832218]}";
"4";"Транспортно-пересадочный узел «Черкизово» (п)";"1769975";"Восточный административный округ";"район Преображенское";"станция метро «Черкизовская»";"2014";"построен";"метро; московская кольцевая железная дорога; перехватывающая парковка";"826";"{type=Point, coordinates=[37.744819000321, 55.802286696635]}";
"14";"Транспортно-пересадочный узел «Университет» (к)";"1769976";"Юго-Западный административный округ";"Гагаринский район";"станция метро «Университет»";"2018";"проект";"метро; перехватывающая парковка";"30";"{type=Point, coordinates=[37.534531999966, 55.692439999916]}";
"15";"Транспортно-пересадочный узел «Юго-Западная» (п)";"1769977";"Западный административный округ";"район Тропарёво-Никулино";"станция метро «Юго-Западная»";"2014";"построен";"метро; автовокзал; перехватывающая парковка";"210";"{type=Point, coordinates=[37.482192988545, 55.66328995264]}";
"150";"Транспортно-пересадочный узел «Андроновка»";"1769981";"Юго-Восточный административный округ";"Нижегородский район";"платформа «Андроновка»";"2015";"проект";"московская кольцевая железная дорога; наземный городской транспорт; перехватывающая парковка";"60";"{type=Point, coordinates=[37.737995000367, 55.747173000217]}";
"151";"Транспортно-пересадочный узел «Новохохловская»";"1769982";"Юго-Восточный административный округ";"Нижегородский район";"платформа строится";"2015";"проект";"московская кольцевая железная дорога; наземный городской транспорт; перехватывающая парковка; пригородная железная дорога";"120";"{type=Point, coordinates=[37.716146999782, 55.723906000015]}";
"152";"Транспортно-пересадочный узел «Волгоградская»";"1769983";"Юго-Восточный административный округ";"район Печатники";"платформа «Угрешская»";"2015";"проект";"московская кольцевая железная дорога; наземный городской транспорт";"";"{type=Point, coordinates=[37.695912999573, 55.717826000098]}";
"156";"Транспортно-пересадочный узел «Севастопольский проспект» (к) (1)";"1769987";"Южный административный округ";"Нагорный район";"платформа «Севастопольский проспект»";"2020";"строится";"Наземный городской пассажирский транспорт";"";"{type=Point, coordinates=[37.604959000162, 55.69013000019]}";
"157";"Транспортно-пересадочный узел «Ярославская» (к)";"1769988";"Северо-Восточный административный округ";"Ярославский район";"платформа «Ярославская»";"2020";"строится";"Наземный городской пассажирский транспорт, Ярославское направление железной дороги";"";"{type=Point, coordinates=[37.668108999771, 55.839399000054]}";
"159";"Транспортно-пересадочный узел «Волоколамская» (1)";"1769990";"Северный административный округ";"район Сокол";"платформа строится";"2015";"проект";"московская кольцевая железная дорога; наземный городской транспорт; пригородная железная дорога";"";"{type=Point, coordinates=[37.486811000147, 55.814903999904]}";
"160";"Транспортно-пересадочный узел «Окружная» (к)";"1769991";"Северный административный округ";"Тимирязевский район";"платформа «Окружная»";"2018";"строится";"Наземный городской пассажирский транспорт, Савеловское направление железной дороги";"";"{type=Point, coordinates=[37.572043999618, 55.848899000234]}";
"161";"Транспортно-пересадочный узел «Соколиная Гора»";"1769992";"Восточный административный округ";"район Соколиная Гора";"платформа строится";"2015";"проект";"московская кольцевая железная дорога; наземный городской транспорт; перехватывающая парковка";"800";"{type=Point, coordinates=[37.74520500011, 55.770476999975]}";
"162";"Транспортно-пересадочный узел «Ходынка»";"1769993";"Северный административный округ";"район Сокол";"платформа строится";"2015";"проект";"московская кольцевая железная дорога; наземный городской транспорт";"";"{type=Point, coordinates=[37.4996270002, 55.798242999967]}";
"163";"Транспортно-пересадочный узел «Дубровка» (2)";"1769994";"Юго-Восточный административный округ";"Южнопортовый район";"платформа «Угрешская»";"2015";"проект";"московская кольцевая железная дорога; наземный городской транспорт";"";"{type=Point, coordinates=[37.678081999935, 55.71266600003]}";
"164";"Транспортно-пересадочный узел «Варшавское шоссе»";"1769995";"Южный административный округ";"Нагорный район";"платформа строится";"2015";"проект";"московская кольцевая железная дорога; наземный городской транспорт; перехватывающая парковка; пригородная железная дорога";"100";"{type=Point, coordinates=[37.617678000132, 55.68989299995]}";
"165";"Транспортно-пересадочный узел «Пресня»";"1769996";"Северо-Западный административный округ";"район Хорошёво-Мнёвники";"платформа строится";"2015";"проект";"московская кольцевая железная дорога; наземный городской транспорт";"";"{type=Point, coordinates=[37.516394000181, 55.766699999842]}";
"166";"Транспортно-пересадочный узел «Хорошёво»";"1769997";"Северный административный округ";"Хорошёвский район";"платформа строится";"2015";"проект";"московская кольцевая железная дорога; наземный городской транспорт";"";"{type=Point, coordinates=[37.507081000341, 55.777301000187]}";
"167";"Транспортно-пересадочный узел «Новопесчаная»";"1769998";"Северный административный округ";"Хорошёвский район";"платформа строится";"2015";"проект";"московская кольцевая железная дорога; наземный городской транспорт; перехватывающая парковка";"";"{type=Point, coordinates=[37.504441999768, 55.788171999955]}";
"168";"Транспортно-пересадочный узел «Белокаменная»";"1769999";"Восточный административный округ";"район Богородское";"платформа строится";"2015";"проект";"московская кольцевая железная дорога; наземный городской транспорт";"";"{type=Point, coordinates=[37.701958000275, 55.829506999967]}";
"21";"Транспортно-пересадочный узел «Крюково» (п)";"1770001";"Зеленоградский административный округ";"район Крюково";"платформа «Крюково»";"2014";"построен";"пригородная железная дорога";"";"{type=Point, coordinates=[37.173550000195, 55.980208999848]}";
"22";"Транспортно-пересадочный узел «Малино» (п)";"1770002";"Зеленоградский административный округ";"район Старое Крюково";"платформа «Малино»";"2014";"построен";"пригородная железная дорога";"16";"{type=Point, coordinates=[37.210563999906, 55.969508999812]}";
"23";"Транспортно-пересадочный узел «Аэропорт» (п)";"1770003";"Северный административный округ";"район Аэропорт";"станция метро «Аэропорт»";"2014";"построен";"метро; перехватывающая парковка";"100";"{type=Point, coordinates=[37.531244158839, 55.801229713764]}";
"25";"Транспортно-пересадочный узел «Красный Балтиец» (п)";"1770005";"Северный административный округ";"район Коптево";"платформа «Красный Балтиец»";"2014";"построен";"пригородная железная дорога";"";"{type=Point, coordinates=[37.526665000272, 55.815890999833]}";
"26";"Транспортно-пересадочный узел «Марк» (п)";"1770006";"Северо-Восточный административный округ";"район Лианозово";"платформа «Марк»";"2014";"построен";"пригородная железная дорога";"90";"{type=Point, coordinates=[37.538635000229, 55.904537000204]}";
"27";"Транспортно-пересадочный узел «Моссельмаш» (с)";"1770007";"Северный административный округ";"район Западное Дегунино";"платформа «Моссельмаш»";"2014";"построен";"пригородная железная дорога";"53";"{type=Point, coordinates=[37.526622473128, 55.862531154242]}";
"29";"Транспортно-пересадочный узел «Новоподрезково» (п)";"1770009";"Северный административный округ";"Молжаниновский район";"платформа «Новоподрезково»";"2014";"построен";"пригородная железная дорога";"102";"{type=Point, coordinates=[37.352026153458, 55.936659100158]}";
"30";"Транспортно-пересадочный узел «Петровский парк» (п)";"1770010";"Северный административный округ";"район Аэропорт";"станция метро «Петровский парк»";"2015";"проект";"метро; перехватывающая парковка";"300";"{type=Point, coordinates=[37.556888576359, 55.790614556397]}";
"31";"Транспортно-пересадочный узел «Свиблово» (п)";"1770011";"Северо-Восточный административный округ";"район Свиблово";"станция метро «Свиблово»";"2014";"построен";"метро; перехватывающая парковка";"660";"{type=Point, coordinates=[37.654041050943, 55.855889229721]}";
"32";"Транспортно-пересадочный узел «Яуза» (п)";"1770012";"Северо-Восточный административный округ";"район Ростокино";"платформа «Яуза»";"2014";"построен";"пригородная железная дорога";"14";"{type=Point, coordinates=[37.669951904356, 55.829569603909]}";
"33";"Транспортно-пересадочный узел «Алексеевская» (п)";"1770013";"Северо-Восточный административный округ";"Останкинский район";"станция метро «Алексеевская»";"2014";"построен";"метро; перехватывающая парковка";"390";"{type=Point, coordinates=[37.636681795289, 55.80891609238]}";
"34";"Транспортно-пересадочный узел «Ботанический Сад» (п)";"1770014";"Северо-Восточный административный округ";"район Свиблово";"станция метро «Ботанический сад»";"2014";"построен";"метро; московская кольцевая железная дорога; перехватывающая парковка";"200";"{type=Point, coordinates=[37.638744000194, 55.846071000217]}";
"35";"Транспортно-пересадочный узел «Владыкино» (п)";"1770015";"Северо-Восточный административный округ";"район Марфино";"станция метро «Владыкино»";"2014";"построен";"метро; московская кольцевая железная дорога; перехватывающая парковка";"";"{type=Point, coordinates=[37.590046861343, 55.846448628456]}";
"186";"Транспортно-пересадочный узел «Мневники»";"1770016";"Северо-Западный административный округ";"район Хорошёво-Мнёвники";"станция метро «Мнёвники»";"2019";"проект";"метро";"";"{type=Point, coordinates=[37.469302999651, 55.764684999841]}";
"187";"Транспортно-пересадочный узел «улица Народного Ополчения» (к)";"1770017";"Северо-Западный административный округ";"район Хорошёво-Мнёвники";"станция метро «улица Народного Ополчения»";"2020";"проект";"метро";"";"{type=Point, coordinates=[37.478895000049, 55.777221999996]}";
"188";"Транспортно-пересадочный узел «Кленовый Бульвар» (к)";"1770018";"Южный административный округ";"район Нагатинский Затон";"станция метро «Нагатинский затон»";"2019";"проект";"метро";"";"{type=Point, coordinates=[37.680929000022, 55.675170999859]}";
"190";"Транспортно-пересадочный узел «Мичуринский проспект» (к)";"1770020";"Западный административный округ";"район Раменки";"станция метро «Мичуринский проспект»";"2020";"проект";"метро; перехватывающая парковка";"390";"{type=Point, coordinates=[37.489304000231, 55.692545999797]}";
"192";"Транспортно-пересадочный узел «Селигерская улица» (к)";"1770022";"Северный административный округ";"Бескудниковский район";"станция метро «Селигерская улица»";"2019";"проект";"Метро; перехватывающая парковка; автовокзал";"870";"{type=Point, coordinates=[37.54617200021, 55.868317000013]}";
"195";"Транспортно-пересадочный узел «Фонвизинская» (к)";"1770025";"Северный административный округ";"Тимирязевский район";"станция метро «Фонвизинская»";"2019";"проект";"метро";"";"{type=Point, coordinates=[37.576539000417, 55.814987999799]}";
"199";"Транспортно-пересадочный узел «Улица Дмитриевского » (к)";"1770029";"Восточный административный округ";"район Косино-Ухтомский";"станция метро «Улица Дмитриевского»";"2019";"проект";"метро";"";"{type=Point, coordinates=[37.877233999662, 55.709428999898]}";
"200";"Транспортно-пересадочный узел «Алма-Атинская» (к)";"1770030";"Южный административный округ";"район Братеево";"станция метро «Алма-Атинская»";"2019";"проект";"метро";"";"{type=Point, coordinates=[37.765548999924, 55.633412999774]}";
"213";"Транспортно-пересадочный узел «Новогиреево» (п)";"1770031";"Восточный административный округ";"район Новогиреево";"станция метро «Новогиреево»";"2020";"проект";"метро";"";"{type=Point, coordinates=[37.816614999773, 55.751716999821]}";
"214";"Транспортно-пересадочный узел «Щелковская»";"1770032";"Восточный административный округ";"район Гольяново";"станция метро «Щёлковская»";"2020";"проект";"Метро; перехватывающая парковка";"600";"{type=Point, coordinates=[37.798555999631, 55.810228000125]}";
"215";"Транспортно-пересадочный узел «Таганская» (п)";"1770033";"Центральный административный округ";"Таганский район";"станция метро «Таганская»";"2020";"проект";"Метро; станция железной дороги; автовокзал";"";"{type=Point, coordinates=[37.65386900021, 55.74220299979]}";
"216";"Транспортно-пересадочный узел «Тушинская» (к)";"1770034";"Северо-Западный административный округ";"район Покровское-Стрешнево";"станция метро «Тушинская», платформа «Тушинская»";"2020";"проект";"Метро; станция железной дороги; автовокзал";"";"{type=Point, coordinates=[37.437585999556, 55.827034000085]}";
"217";"Транспортно-пересадочный узел «Площадь Ильича» (п)";"1770035";"Центральный административный округ";"Таганский район";"станция метро «Площадь Ильича», платформа «Площадь Ильича»";"2020";"проект";"метро; пригородная железная дорога";"";"{type=Point, coordinates=[37.680626999899, 55.746568999972]}";
"218";"Транспортно-пересадочный узел «Авиамоторная» (к)";"1770036";"Юго-Восточный административный округ";"район Лефортово";"станция метро «Авиамоторная»";"2019";"проект";"Метро; перехватывающая парковка; станция железной дороги";"290";"{type=Point, coordinates=[37.717212999987, 55.751630999933]}";
"219";"Транспортно-пересадочный узел «Петровско-Разумовская» (к)";"1770037";"Северный административный округ";"Тимирязевский район";"станция метро «Петровско-Разумовская»";"2018";"проект";"Метро; перехватывающая парковка; станция железной дороги";"210";"{type=Point, coordinates=[37.575098000293, 55.836431999998]}";
"220";"Транспортно-пересадочный узел «Царицыно» (к)";"1770038";"Южный административный округ";"район Царицыно";"станция метро «Царицыно»";"2020";"проект";"Метро; перехватывающая парковка; станция железной дороги";"470";"{type=Point, coordinates=[37.668847999738, 55.621540999768]}";
"221";"Транспортно-пересадочный узел «Текстильщики» (к)";"1770039";"Юго-Восточный административный округ";"район Текстильщики";"станция метро «Текстильщики»";"2020";"проект";"Метро; перехватывающая парковка; станция железной дороги";"250";"{type=Point, coordinates=[37.730901999902, 55.709227999986]}";
"222";"Транспортно-пересадочный узел «Сходненская» (п)";"1770040";"Северо-Западный административный округ";"район Северное Тушино";"станция метро «Сходненская»";"2020";"проект";"метро";"";"{type=Point, coordinates=[37.439609000186, 55.850693000199]}";
"223";"Транспортно-пересадочный узел «Бабушкинская» (п)";"1770041";"Северо-Восточный административный округ";"Бабушкинский район";"станция метро «Бабушкинская»";"2020";"проект";"метро; перехватывающая парковка";"380";"{type=Point, coordinates=[37.664383999799, 55.869714999901]}";
"224";"Транспортно-пересадочный узел «Красногвардейская» (п)";"1770042";"Южный административный округ";"район Зябликово";"станция метро «Красногвардейская»";"2020";"проект";"Метро; перехватывающая парковка; автовокзал";"140";"{type=Point, coordinates=[37.744060000263, 55.613700999913]}";
"225";"Транспортно-пересадочный узел «Тимирязевская» (к)";"1770043";"Северный административный округ";"Тимирязевский район";"станция метро «Тимирязевская»";"2020";"проект";"Метро; перехватывающая парковка; станция железной дороги";"350";"{type=Point, coordinates=[37.575908000405, 55.819162999754]}";
"226";"Транспортно-пересадочный узел «Молодежная» (к)";"1770044";"Западный административный округ";"район Кунцево";"станция метро «Молодёжная»";"2020";"проект";"Метро; перехватывающая парковка";"";"{type=Point, coordinates=[37.41591500032, 55.740785999995]}";
"227";"Транспортно-пересадочный узел «Теплый Стан» (к)";"1770045";"Юго-Западный административный округ";"район Ясенево";"станция метро «Тёплый Стан»";"2020";"проект";"Метро; перехватывающая парковка; автовокзал";"210";"{type=Point, coordinates=[37.505912000204, 55.618729999756]}";
"229";"Транспортно-пересадочный узел «Щукинская» (к)";"1770047";"Северо-Западный административный округ";"район Щукино";"станция метро «Щукинская»";"2020";"проект";"метро";"";"{type=Point, coordinates=[37.464420000311, 55.808646000115]}";
"230";"Транспортно-пересадочный узел «Электрозаводская» (к)";"1770048";"Восточный административный округ";"район Соколиная Гора";"станция метро «Электрозаводская»";"2020";"проект";"Метро; станция железной дороги";"90";"{type=Point, coordinates=[37.705392999818, 55.781283999821]}";
"232";"Транспортно-пересадочный узел «Нагатинская» (к)";"1770049";"Южный административный округ";"Нагорный район";"станция метро «Нагатинская»";"2020";"проект";"Метро; станция железной дороги";"";"{type=Point, coordinates=[37.621773999824, 55.682748000245]}";
"233";"Транспортно-пересадочный узел «Семеновская» (п)";"1770050";"Восточный административный округ";"район Соколиная Гора";"станция метро «Семеновская»";"2020";"проект";"метро; перехватывающая парковка";"100";"{type=Point, coordinates=[37.718859999975, 55.78264399984]}";
"234";"Транспортно-пересадочный узел «Славянский бульвар» (к)";"1770051";"Западный административный округ";"район Фили-Давыдково";"станция метро «Слявянский бульвар»";"2020";"проект";"Метро; перехватывающая парковка";"330";"{type=Point, coordinates=[37.470701000117, 55.729581999999]}";
"235";"Транспортно-пересадочный узел «Дмитровская» (к)";"1770052";"Северный административный округ";"Тимирязевский район";"станция метро «Дмитровская»";"2020";"построен";"Метро; перехватывающая парковка; станция железной дороги";"160";"{type=Point, coordinates=[37.577404999707, 55.808433000007]}";
"236";"Транспортно-пересадочный узел «Кунцевская» (к)";"1770053";"Западный административный округ";"район Кунцево";"станция метро «Кунцевская»";"2020";"проект";"Метро; перехватывающая парковка; станция железной дороги";"";"{type=Point, coordinates=[37.443781999871, 55.731074000161]}";
"237";"Транспортно-пересадочный узел «Варшавская» (к)";"1770054";"Южный административный округ";"Нагорный район";"станция метро «Варшавская»";"2020";"проект";"Метро; станция железной дороги; автовокзал";"";"{type=Point, coordinates=[37.619788999727, 55.653694000242]}";
"269";"Транспортно-пересадочный узел «Пионерская» (п)";"1770055";"Западный административный округ";"район Фили-Давыдково";"станция метро «Пионерская»";"2014";"построен";"метро; перехватывающая парковка";"";"{type=Point, coordinates=[37.467077000428, 55.735925000028]}";
"202";"Транспортно-пересадочный узел «Пятницкое шоссе» (к)";"1770057";"Северо-Западный административный округ";"район Митино";"станция метро «Пятницкое шоссе»";"2018";"проект";"Метро; перехватывающая парковка";"2100";"{type=Point, coordinates=[37.348172999829, 55.861446999884]}";
"203";"Транспортно-пересадочный узел «Битцевский парк» (к)";"1770058";"Юго-Западный административный округ";"район Ясенево";"станция метро «Новоясеневская»";"2018";"проект";"метро";"";"{type=Point, coordinates=[37.553155999997, 55.601418999978]}";
"205";"Транспортно-пересадочный узел «Тропарево» (к)";"1770060";"Юго-Западный административный округ";"район Тёплый Стан";"станция метро «Тропарево»";"2019";"проект";"метро";"";"{type=Point, coordinates=[37.481265999935, 55.648565999802]}";
"208";"Транспортно-пересадочный узел «Лермонтовский проспект» (к)";"1770063";"Юго-Восточный административный округ";"район Выхино-Жулебино";"станция метро «Лермонтовский проспект»";"2020";"проект";"Метро; перехватывающая парковка";"";"{type=Point, coordinates=[37.852262999703, 55.701138999929]}";
"209";"Транспортно-пересадочный узел «Лефортово» (к)";"1770064";"Юго-Восточный административный округ";"район Лефортово";"станция метро «Лефортово»";"2020";"проект";"метро";"";"{type=Point, coordinates=[37.704263000039, 55.764428999797]}";
"210";"Транспортно-пересадочный узел «Спартак»";"1770065";"Северо-Западный административный округ";"район Покровское-Стрешнево";"станция метро «Спартак»";"2015";"проект";"метро";"";"{type=Point, coordinates=[37.437084000314, 55.822367999858]}";
"254";"Транспортно-пересадочный узел «Маленковская» (п)";"1770066";"Северо-Восточный административный округ";"Алексеевский район";"платформа «Маленковская»";"2020";"проект";"пригородная железная дорога";"";"{type=Point, coordinates=[37.662908000414, 55.814297999979]}";
"255";"Транспортно-пересадочный узел «Речной вокзал» (п)";"1770067";"Северный административный округ";"район Левобережный";"станция метро «Речной вокзал»";"2014";"построен";"метро; перехватывающая парковка";"";"{type=Point, coordinates=[37.475951999702, 55.854925999759]}";
"211";"Транспортно-пересадочный узел «Лесопарковая» (к)";"1770068";"Южный административный округ";"район Чертаново Южное";"станция метро «Лесопарковая»";"2018";"проект";"Метро";"";"{type=Point, coordinates=[37.583741999589, 55.581185000019]}";
"212";"Транспортно-пересадочный узел «Выхино» (к)";"1770069";"Юго-Восточный административный округ";"район Выхино-Жулебино";"станция метро «Выхино», платформа «Выхино»";"2019";"проект";"метро; перехватывающая парковка; пригородная железная дорога";"320";"{type=Point, coordinates=[37.817968999858, 55.715682000188]}";
"240";"Транспортно-пересадочный узел «Орехово» (к)";"1770070";"Южный административный округ";"район Орехово-Борисово Северное";"станция метро «Орехово»";"2018";"проект";"метро; перехватывающая парковка";"";"{type=Point, coordinates=[37.693407999792, 55.613051000097]}";
"241";"Транспортно-пересадочный узел «Люблино» (к)";"1770071";"Юго-Восточный административный округ";"район Люблино";"станция метро «Люблино»";"2020";"проект";"Метро, перехватывающая парковка";"";"{type=Point, coordinates=[37.761952999825, 55.676299999757]}";
"242";"Транспортно-пересадочный узел «Волгоградский проспект» (к)";"1770072";"Юго-Восточный административный округ";"Южнопортовый район";"станция метро «Волгоградский проспект»";"2020";"проект";"метро";"";"{type=Point, coordinates=[37.687101999873, 55.724899999857]}";
"243";"Транспортно-пересадочный узел «Фили» (к)";"1770073";"Западный административный округ";"район Филёвский Парк";"станция метро «Фили», платформа «Фили»";"2020";"проект";"Метро; станция железной дороги";"";"{type=Point, coordinates=[37.514769999759, 55.746140999787]}";
"244";"Транспортно-пересадочный узел «Лосиноостровская» (к)";"1770074";"Северо-Восточный административный округ";"Ярославский район";"платформа «Лосиноостровская»";"2020";"проект";"Станция железной дороги";"";"{type=Point, coordinates=[37.683155000144, 55.862674000045]}";
"245";"Транспортно-пересадочный узел «Новогиреево» (2)";"1770075";"Восточный административный округ";"район Новогиреево";"платформа «Новогиреево»";"2020";"проект";"пригородная железная дорога";"";"{type=Point, coordinates=[37.818543999793, 55.744461999748]}";
"246";"Транспортно-пересадочный узел «Бирюлево-Пассажирская» (к)";"1770076";"Южный административный округ";"район Бирюлёво Западное";"платформа «Бирюлево-Пассажирская»";"2020";"проект";"пригородная железная дорога";"";"{type=Point, coordinates=[37.659601000019, 55.583054999792]}";
"247";"Транспортно-пересадочный узел «Филевский парк» (к)";"1770077";"Западный административный округ";"район Фили-Давыдково";"станция метро «Филёвский парк»";"2020";"проект";"метро";"";"{type=Point, coordinates=[37.483328000025, 55.73951899988]}";
"248";"Транспортно-пересадочный узел «Бирюлево-Товарная» (к)";"1770078";"Южный административный округ";"район Бирюлёво Западное";"платформа «Бирюлево-Товарная»";"2020";"проект";"пригородная железная дорога";"";"{type=Point, coordinates=[37.653788999844, 55.592866000245]}";
"249";"Транспортно-пересадочный узел «Матвеевское» (п)";"1770079";"Западный административный округ";"район Очаково-Матвеевское";"платформа «Матвеевская»";"2020";"проект";"пригородная железная дорога";"";"{type=Point, coordinates=[37.481799999862, 55.70465600016]}";
"250";"Транспортно-пересадочный узел «Пионерская» (к)";"1770080";"Западный административный округ";"район Фили-Давыдково";"станция метро «Пионерская»";"2020";"проект";"метро; перехватывающая парковка";"130";"{type=Point, coordinates=[37.467078000253, 55.735986000038]}";
"251";"Транспортно-пересадочный узел «Дегунино» (п)";"1770081";"Северо-Восточный административный округ";"район Отрадное";"платформа «Дегунино»";"2020";"проект";"пригородная железная дорога";"";"{type=Point, coordinates=[37.573207999733, 55.865842000143]}";
"252";"Транспортно-пересадочный узел «Очаково 1» (п)";"1770082";"Западный административный округ";"район Очаково-Матвеевское";"платформа «Очаково»";"2021";"проект";"пригородная железная дорога";"";"{type=Point, coordinates=[37.450719999628, 55.683464000034]}";
"253";"Транспортно-пересадочный узел «Ховрино» (к) (2)";"1770083";"Северный административный округ";"район Ховрино";"платформа «Ховрино»";"2020";"проект";"Станция железной дороги";"";"{type=Point, coordinates=[37.50988900007, 55.869577999972]}";
"257";"Транспортно-пересадочный узел «Алтуфьево» (п)";"1770085";"Северо-Восточный административный округ";"район Бибирево";"станция метро «Алтуфьево»";"2014";"построен";"метро; перехватывающая парковка";"";"{type=Point, coordinates=[37.587086999618, 55.898327000101]}";
"258";"Транспортно-пересадочный узел «Войковская» (п)";"1770086";"Северный административный округ";"Войковский район";"станция метро «Войковская»";"2014";"построен";"метро; перехватывающая парковка; московская кольцевая железная дорога; пригородная железная дорога";"";"{type=Point, coordinates=[37.497555000065, 55.819417000113]}";
"259";"Транспортно-пересадочный узел «ВДНХ» (п)";"1770087";"Северо-Восточный административный округ";"Алексеевский район";"станция метро «ВДНХ»";"2014";"построен";"метро; перехватывающая парковка; автовокзал";"";"{type=Point, coordinates=[37.6422060004, 55.821351000212]}";
"263";"Транспортно-пересадочный узел «Щукинская» (п)";"1770091";"Северо-Западный административный округ";"район Щукино";"станция метро «Щукинская»";"2014";"построен";"метро";"";"{type=Point, coordinates=[37.462569999934, 55.809646999951]}";
"265";"Транспортно-пересадочный узел «Перово» (п) (2)";"1770093";"Восточный административный округ";"район Перово";"станция метро «Перово»";"2014";"построен";"метро; перехватывающая парковка";"";"{type=Point, coordinates=[37.786157000227, 55.751283000012]}";
"267";"Транспортно-пересадочный узел «Люблино» (п) (1)";"1770094";"Юго-Восточный административный округ";"район Люблино";"станция метро «Люблино»";"2014";"построен";"метро; перехватывающая парковка";"";"{type=Point, coordinates=[37.762389999668, 55.676810000192]}";
"268";"Транспортно-пересадочный узел «Филевский парк» (п)";"1770095";"Западный административный округ";"район Филёвский Парк";"станция метро «Филёвский парк»";"2014";"построен";"метро";"";"{type=Point, coordinates=[37.4835099996, 55.739469000094]}";
"170";"Транспортно-пересадочный узел «ВДНХ» (к)";"1770096";"Северо-Восточный административный округ";"Останкинский район";"станция метро «ВДНХ»";"2018";"проект";"Метро; перехватывающая парковка";"400";"{type=Point, coordinates=[37.641135000172, 55.821047000177]}";
"171";"Транспортно-пересадочный узел «Новокосино» (к)";"1770097";"Восточный административный округ";"район Новокосино";"станция метро «Новокосино»";"2018";"проект";"метро; перехватывающая парковка";"3400";"{type=Point, coordinates=[37.864524999738, 55.70822699995]}";
"174";"Транспортно-пересадочный узел «Саларьево»";"1770099";"Западный административный округ";"район Солнцево";"станция метро «Саларьево»";"2017";"проект";"метро; перехватывающая парковка; автовокзал";"3800";"{type=Point, coordinates=[37.419518000092, 55.62324499981]}";
"176";"Транспортно-пересадочный узел «Некрасовка» (к)";"1770101";"Юго-Восточный административный округ";"район Некрасовка";"станция метро «Некрасовка»";"2018";"проект";"метро";"";"{type=Point, coordinates=[37.927844000299, 55.704647000061]}";
"178";"Транспортно-пересадочный узел «Дегунино» (к)";"1770103";"Северный административный округ";"Дмитровский район";"станция метро «Дегунино»";"2020";"проект";"метро; перехватывающая парковка";"470";"{type=Point, coordinates=[37.543963999632, 55.888288999823]}";
"179";"Транспортно-пересадочный узел «Севастопольский проспект» (к) (2)";"1770104";"Южный административный округ";"Донской район";"станция метро «Севастопольский проспект»";"2020";"проект";"метро";"";"{type=Point, coordinates=[37.605518000204, 55.690039000041]}";
"181";"Транспортно-пересадочный узел «Технопарк» (к)";"1770106";"Южный административный округ";"Даниловский район";"станция метро «Технопарк»";"2020";"проект";"метро";"";"{type=Point, coordinates=[37.66538600043, 55.689852999913]}";
"182";"Транспортно-пересадочный узел «Котельники» (к)";"1770107";"Юго-Восточный административный округ";"район Выхино-Жулебино";"станция метро «Котельники»";"2019";"проект";"Метро; перехватывающая парковка; автовокзал";"";"{type=Point, coordinates=[37.856495999662, 55.675707999855]}";
"185";"Транспортно-пересадочный узел «Аминьевское шоссе» (к)";"1770110";"Западный административный округ";"район Очаково-Матвеевское";"станция метро «Аминьевское шоссе»";"2019";"проект";"Метро; автовокзал";"";"{type=Point, coordinates=[37.466376000096, 55.694678999929]}";
"271";"Транспортно-пересадочный узел «Академическая» (к)";"170429968";"Юго-Западный административный округ";"Академический район";"станция метро «Академическая»";"2018";"проект";"Метро; перехватывающая парковка";"";"{type=Point, coordinates=[37.57341500032, 55.687737000079]}";
"273";"Транспортно-пересадочный узел «Аэропорт» (к)";"170429970";"Северный административный округ";"район Аэропорт";"станция метро «Аэропорт»";"2018";"проект";"Метро; перехватывающая парковка";"";"{type=Point, coordinates=[37.532633999907, 55.800417999959]}";
"275";"Транспортно-пересадочный узел «Беговая» (к)";"170429972";"Северный административный округ";"Хорошёвский район";"станция метро «Беговая»";"2018";"проект";"Метро; станция железной дороги";"";"{type=Point, coordinates=[37.545581000381, 55.773469000023]}";
"276";"Транспортно-пересадочный узел «Беляево» (к)";"170429973";"Юго-Западный административный округ";"район Коньково";"станция метро «Беляево»";"2018";"проект";"Метро; перехватывающая парковка";"";"{type=Point, coordinates=[37.526114999552, 55.64235699989]}";
"277";"Транспортно-пересадочный узел «Бибирево» (к)";"170429974";"Северо-Восточный административный округ";"район Бибирево";"станция метро «Бибирево»";"2018";"проект";"Метро; перехватывающая парковка";"";"{type=Point, coordinates=[37.603010999875, 55.883868000228]}";
"278";"Транспортно-пересадочный узел «Борисово» (к)";"170429975";"Южный административный округ";"район Братеево";"станция метро «Борисово»";"2018";"проект";"Метро; перехватывающая парковка";"";"{type=Point, coordinates=[37.74381300039, 55.63358200007]}";
"279";"Транспортно-пересадочный узел «Братиславская» (к)";"170429976";"Юго-Восточный административный округ";"район Марьино";"станция метро «Братиславская»";"2018";"проект";"Метро; перехватывающая парковка";"";"{type=Point, coordinates=[37.750450999673, 55.659403999886]}";
"280";"Транспортно-пересадочный узел «Бульвар адмирала Ушакова» (к)";"170429977";"Юго-Западный административный округ";"район Южное Бутово";"станция метро «Бульвар адмирала Ушакова»";"2018";"проект";"Метро; перехватывающая парковка";"";"{type=Point, coordinates=[37.543218999817, 55.545406000139]}";
"281";"Транспортно-пересадочный узел «Бульвар Дмитрия Донского» (к)";"170429978";"Юго-Западный административный округ";"район Северное Бутово";"станция метро «Бульвар Дмитрия Донского»";"2020";"проект";"Метро; перехватывающая парковка";"";"{type=Point, coordinates=[37.577346000156, 55.569666999981]}";
"282";"Транспортно-пересадочный узел «Бунинская аллея» (к)";"170429979";"Юго-Западный административный округ";"район Южное Бутово";"станция метро «Бунинская аллея»";"2018";"проект";"Метро";"";"{type=Point, coordinates=[55.537964000223, 37.515919000204]}";
"284";"Транспортно-пересадочный узел «Домодедовская» (к)";"170429981";"Южный административный округ";"район Орехово-Борисово Южное";"станция метро «Домодедовская»";"2020";"проект";"Метро; перехватывающая парковка";"";"{type=Point, coordinates=[37.717905000098, 55.610697000093]}";
"285";"Транспортно-пересадочный узел «Дубровка» (к) (1)";"170429982";"Юго-Восточный административный округ";"Южнопортовый район";"станция метро «Дубровка»";"2018";"проект";"Метро";"";"{type=Point, coordinates=[37.676240999779, 55.718069999862]}";
"286";"Транспортно-пересадочный узел «Жулебино» (к)";"170429983";"Юго-Восточный административный округ";"район Выхино-Жулебино";"станция метро «Жулебино»";"2020";"проект";"Метро; перехватывающая парковка";"";"{type=Point, coordinates=[37.855087000224, 55.684493000077]}";
"287";"Транспортно-пересадочный узел «Измайловская» (к)";"170429984";"Восточный административный округ";"район Измайлово";"станция метро «Измайловская»";"2018";"проект";"Метро; перехватывающая парковка";"";"{type=Point, coordinates=[37.781380000295, 55.787745999802]}";
"288";"Транспортно-пересадочный узел «Кантемировская» (к)";"170429985";"Южный административный округ";"район Царицыно";"станция метро «Кантемировская»";"2018";"проект";"Метро; перехватывающая парковка";"";"{type=Point, coordinates=[37.656218000355, 55.636107000131]}";
"289";"Транспортно-пересадочный узел «Каширская» (к)";"170429986";"Южный административный округ";"район Нагатино-Садовники";"станция метро «Каширская»";"2018";"проект";"Метро; перехватывающая парковка";"";"{type=Point, coordinates=[37.649256000309, 55.655411999959]}";
"290";"Транспортно-пересадочный узел «Кожуховская» (к)";"170429987";"Юго-Восточный административный округ";"Южнопортовый район";"станция метро «Кожуховская»";"2018";"проект";"Метро; перехватывающая парковка";"";"{type=Point, coordinates=[37.685683000389, 55.706319999845]}";
"291";"Транспортно-пересадочный узел «Коломенская» (к)";"170429988";"Южный административный округ";"район Нагатинский Затон";"станция метро «Коломенская»";"2020";"проект";"Метро";"";"{type=Point, coordinates=[37.663827000306, 55.678406999956]}";
"294";"Транспортно-пересадочный узел «Митино» (к)";"170429991";"Северо-Западный административный округ";"район Митино";"станция метро «Митино»";"2018";"проект";"Метро";"";"{type=Point, coordinates=[37.362153999822, 55.845734000071]}";
"295";"Транспортно-пересадочный узел «Нагорная» (к)";"170429992";"Южный административный округ";"Нагорный район";"станция метро «Нагорная»";"2018";"проект";"Метро; перехватывающая парковка";"";"{type=Point, coordinates=[37.610745000398, 55.672853999773]}";
"296";"Транспортно-пересадочный узел «Нахимовский проспект» (к)";"170429993";"Юго-Западный административный округ";"район Зюзино";"станция метро «Нахимовский проспект»";"2018";"проект";"Метро";"";"{type=Point, coordinates=[37.604457999847, 55.661714999816]}";
"297";"Транспортно-пересадочный узел «Новогиреево» (к)";"170429994";"Восточный административный округ";"район Новогиреево";"станция метро «Новогиреево»";"2020";"проект";"Метро";"";"{type=Point, coordinates=[37.817168999792, 55.751660000081]}";
"300";"Транспортно-пересадочный узел «Профсоюзная» (к)";"170429997";"Юго-Западный административный округ";"Академический район";"станция метро «Профсоюзная»";"2018";"проект";"Метро; перехватывающая парковка";"";"{type=Point, coordinates=[37.562873999893, 55.677930000228]}";
"301";"Транспортно-пересадочный узел «Свиблово» (к)";"170429998";"Северо-Восточный административный округ";"район Свиблово";"станция метро «Свиблово»";"2018";"проект";"Метро; перехватывающая парковка";"";"{type=Point, coordinates=[37.652238000115, 55.855224000125]}";
"303";"Транспортно-пересадочный узел «Строгино» (к)";"170430000";"Северо-Западный административный округ";"район Строгино";"станция метро «Строгино»";"2018";"проект";"Метро; перехватывающая парковка";"";"{type=Point, coordinates=[37.403117999634, 55.803690999859]}";
"304";"Транспортно-пересадочный узел «Тульская» (к)";"170430001";"Южный административный округ";"Даниловский район";"станция метро «Тульская»";"2020";"проект";"Метро";"";"{type=Point, coordinates=[37.622612000423, 55.708841000176]}";
"306";"Транспортно-пересадочный узел «Улица Горчакова» (к)";"170430003";"Юго-Западный административный округ";"район Южное Бутово";"станция метро «Улица Горчакова»";"2018";"проект";"Метро";"";"{type=Point, coordinates=[37.531226000294, 55.54182499988]}";
"307";"Транспортно-пересадочный узел «Чертановская» (к)";"170430004";"Южный административный округ";"район Чертаново Северное";"станция метро «Чертановская»";"2018";"проект";"Метро";"";"{type=Point, coordinates=[37.606073999873, 55.640538000076]}";
"308";"Транспортно-пересадочный узел «Шипиловская» (к)";"170430005";"Южный административный округ";"район Зябликово";"станция метро «Шипиловская»";"2018";"проект";"Метро; перехватывающая парковка";"";"{type=Point, coordinates=[37.743749999743, 55.620733000047]}";
"309";"Транспортно-пересадочный узел «Юго-Западная» (к)";"170430006";"Западный административный округ";"район Тропарёво-Никулино";"станция метро «Юго-Западная»";"2020";"проект";"Метро; перехватывающая парковка";"";"{type=Point, coordinates=[37.482851999824, 55.663146000081]}";
"310";"Транспортно-пересадочный узел «Южная» (к)";"170430007";"Южный административный округ";"район Чертаново Северное";"станция метро «Южная»";"2018";"проект";"Метро; перехватывающая парковка";"";"{type=Point, coordinates=[37.609047000357, 55.62243599996]}";
"311";"Транспортно-пересадочный узел «Боровское шоссе» (к)";"170430008";"Западный административный округ";"район Ново-Переделкино";"станция метро «Боровское шоссе»";"2018";"проект";"Метро";"";"{type=Point, coordinates=[37.371198999873, 55.648719000204]}";
"314";"Транспортно-пересадочный узел «Долгопрудная» (к)";"170430011";"Северо-Восточный административный округ";"район Северный";"платформа «Долгопрудная»";"2020";"проект";"Станция железной дороги, перехватывающая парковка";"";"{type=Point, coordinates=[37.52054915124, 55.938808267157]}";
"316";"Транспортно-пересадочный узел «Коммунарка» (к)";"170430013";"Троицкий административный округ";"поселение Краснопахорское";"станция метро «Коммунарка»";"2019";"проект";"Метро";"";"{type=Point, coordinates=[37.467903000433, 55.576573000251]}";
"317";"Транспортно-пересадочный узел «Красный строитель» (к)";"170430014";"Южный административный округ";"район Чертаново Южное";"платформа «Красный строитель»";"2020";"проект";"Станция железной дороги";"";"{type=Point, coordinates=[37.614360999691, 55.589302000081]}";
"318";"Транспортно-пересадочный узел «Лухмановская» (к)";"170430015";"Восточный административный округ";"район Косино-Ухтомский";"станция метро «Лухмановская»";"2019";"проект";"Метро; перехватывающая парковка; автовокзал";"";"{type=Point, coordinates=[37.912669000055, 55.689877000143]}";
"321";"Транспортно-пересадочный узел «Мневники» (к)";"170430018";"Северо-Западный административный округ";"район Хорошёво-Мнёвники";"станция метро «Мневники»";"2019";"проект";"Метро";"";"{type=Point, coordinates=[37.470373999879, 55.762761999863]}";
"323";"Транспортно-пересадочный узел «Озерная» (к)";"170430020";"Западный административный округ";"район Очаково-Матвеевское";"станция метро «Озёрная»";"2019";"строится";"Метро";"";"{type=Point, coordinates=[37.449102999777, 55.670417999943]}";
"324";"Транспортно-пересадочный узел «Павелецкий» (к)";"170430021";"Центральный административный округ";"район Замоскворечье";"Павелецкий вокзал";"2020";"проект";"Станция железной дороги; перехватывающая парковка";"";"{type=Point, coordinates=[37.640560000237, 55.729802000187]}";
"325";"Транспортно-пересадочный узел «Парк Победы» (к)";"170430022";"Западный административный округ";"район Дорогомилово";"станция метро «Парк Победы»";"2019";"построен";"Метро";"";"{type=Point, coordinates=[37.515184000036, 55.736871999885]}";
"326";"Транспортно-пересадочный узел «Печатники» (к)";"170430023";"Юго-Восточный административный округ";"район Печатники";"станция метро «Печатники»";"2018";"проект";"Метро; перехватывающая парковка";"";"{type=Point, coordinates=[37.727549594161, 55.693036631003]}";
"330";"Транспортно-пересадочный узел «Столбово» (к)";"170430027";"Троицкий административный округ";"поселение Роговское";"станция метро «Столбово»";"2019";"проект";"Метро";"";"{type=Point, coordinates=[37.46565899987, 55.561275999992]}";
"331";"Транспортно-пересадочный узел «Терехово» (к)";"170430028";"Северо-Западный административный округ";"район Хорошёво-Мнёвники";"станция метро «Терехово»";"2019";"проект";"Метро";"";"{type=Point, coordinates=[37.456028000013, 55.74999799993]}";
"333";"Транспортно-пересадочный узел «Улица Академика Опарина» (к)";"170430030";"Юго-Западный административный округ";"район Коньково";"станция метро «Улица Академика Опарина»";"2019";"проект";"Метро";"";"{type=Point, coordinates=[37.508767999613, 55.649120999904]}";
"334";"Транспортно-пересадочный узел «Улица генерала Тюленева» (к)";"170430031";"Юго-Западный административный округ";"район Тёплый Стан";"станция метро «Улица генерала Тюленева»";"2019";"проект";"Метро";"";"{type=Point, coordinates=[37.486161999693, 55.625953000112]}";
"335";"Транспортно-пересадочный узел «Улица Минская» (к)";"170430032";"Западный административный округ";"район Очаково-Матвеевское";"станция метро «Улица Минская»";"2020";"проект";"Метро";"";"{type=Point, coordinates=[37.49398200043, 55.727673000007]}";
"337";"Транспортно-пересадочный узел «Ховрино» (к) (1)";"170430034";"Северный административный округ";"район Ховрино";"станция метро «Ховрино»";"2018";"проект";"Метро; перехватывающая парковка; автовокзал";"";"{type=Point, coordinates=[37.481897999772, 55.879231999923]}";
"338";"Транспортно-пересадочный узел «Юго-Восточная» (к)";"170430035";"Юго-Восточный административный округ";"район Выхино-Жулебино";"станция метро «Юго-Восточная»";"2018";"проект";"Метро; перехватывающая парковка";"";"{type=Point, coordinates=[37.815371000191, 55.706231000205]}";
"339";"Транспортно-пересадочный узел «Белорусский» (к)";"170430036";"Центральный административный округ";"Тверской район";"Белорусский вокзал";"2020";"проект";"Станция железной дороги; перехватывающая парковка";"";"{type=Point, coordinates=[37.58183100001, 55.776841999905]}";
"340";"Транспортно-пересадочный узел «Курская» (к)";"170430037";"Центральный административный округ";"Басманный район";"станция метро «Курская»";"2020";"проект";"Метро; станция железной дороги";"";"{type=Point, coordinates=[37.660852999997, 55.757398999954]}";
"341";"Транспортно-пересадочный узел «Лианозово» (к)";"170430038";"Северо-Восточный административный округ";"район Лианозово";"платформа «Лианозово»";"2020";"проект";"Станция железной дороги";"";"{type=Point, coordinates=[37.55345999977, 55.897235999847]}";
"342";"Транспортно-пересадочный узел «Лось» (к)";"170430039";"Северо-Восточный административный округ";"Лосиноостровский район";"платформа «Лось»";"2020";"проект";"Станция железной дороги";"";"{type=Point, coordinates=[37.711041999787, 55.880293000144]}";
"343";"Транспортно-пересадочный узел «Ивановское» (к)";"170430040";"Восточный административный округ";"район Ивановское";"автостанция";"2020";"проект";"Ускоренный трамвай; перехватывающая парковка";"";"{type=Point, coordinates=[37.83831500022, 55.775925000171]}";
"344";"Транспортно-пересадочный узел «Северный» (к)";"170430041";"Северо-Восточный административный округ";"район Северный";"автостанция";"2020";"проект";"Ускоренный трамвай; перехватывающая парковка";"";"{type=Point, coordinates=[37.541285999599, 55.9506140002]}";
"345";"Транспортно-пересадочный узел «Холмогорская» (к)";"170430042";"Северо-Восточный административный округ";"Лосиноостровский район";"автостанция";"2020";"проект";"Ускоренный трамвай; перехватывающая парковка";"";"{type=Point, coordinates=[37.718156999993, 55.880737999829]}";
"348";"Транспортно-пересадочный узел «Саларьево» (к)";"170430045";"Западный административный округ";"район Раменки";"станция метро «Мичуринский проспект»";"2018";"проект";"Метро; перехватывающая парковка";"";"{type=Point, coordinates=[37.481788000167, 55.688407999747]}";
"349";"Транспортно-пересадочный узел «Солнечная» (к)";"860862615";"Западный административный округ";"район Солнцево";"платформа «Солнечная»";"2017";"построен";"Железнодорожная станция Киевского направления Московской железной дороги";"30";"{type=Point, coordinates=[37.38351, 55.65634]}";
